74.194.174.51,2026-01-31 11:49:30+00:00,404,/contact,curl/7.74.0
155.82.17.83,2026-01-31 11:49:33+00:00,404,/about,curl/7.74.0
250.163.47.44,2026-01-31 11:49:34+00:00,404,/about,curl/7.74.0
13.157.81.146,2026-01-31 11:49:37+00:00,404,/about,curl/7.74.0
43.8.169.193,2026-01-31 11:49:38+00:00,404,/index.php,curl/7.74.0
207.204.145.44,2026-01-31 11:49:40+00:00,404,/contact,curl/7.74.0
0.36.180.216,2026-01-31 11:49:42+00:00,404,/login,curl/7.74.0
152.67.3.114,2026-01-31 11:49:44+00:00,404,/about,curl/7.74.0
249.195.125.119,2026-01-31 11:49:45+00:00,404,/index.php,curl/7.74.0
166.251.94.155,2026-01-31 11:49:47+00:00,404,/contact,curl/7.74.0
234.165.218.247,2026-01-31 11:49:49+00:00,404,/about,curl/7.74.0
254.197.93.220,2026-01-31 11:49:50+00:00,200,/,curl/7.74.0
218.37.250.126,2026-01-31 11:49:52+00:00,404,/about,curl/7.74.0
148.23.244.85,2026-01-31 11:49:53+00:00,404,/login,curl/7.74.0
15.162.141.130,2026-01-31 11:49:54+00:00,404,/about,curl/7.74.0
16.54.131.149,2026-01-31 11:49:56+00:00,404,/index.php,curl/7.74.0
188.194.181.90,2026-01-31 11:49:58+00:00,404,/about,curl/7.74.0
142.214.139.117,2026-01-31 11:50:00+00:00,404,/contact,curl/7.74.0
121.44.80.68,2026-01-31 11:51:33+00:00,404,/login,curl/7.74.0
121.44.80.68,2026-01-31 11:51:33+00:00,404,/login,curl/7.74.0
121.44.80.68,2026-01-31 11:51:33+00:00,404,/login,curl/7.74.0
121.44.80.68,2026-01-31 11:51:33+00:00,404,/login,curl/7.74.0
121.44.80.68,2026-01-31 11:51:33+00:00,404,/login,curl/7.74.0
121.44.80.68,2026-01-31 11:51:33+00:00,404,/login,curl/7.74.0
121.44.80.68,2026-01-31 11:51:33+00:00,404,/login,curl/7.74.0
121.44.80.68,2026-01-31 11:51:33+00:00,404,/login,curl/7.74.0
121.44.80.68,2026-01-31 11:51:33+00:00,404,/login,curl/7.74.0
121.44.80.68,2026-01-31 11:51:33+00:00,404,/login,curl/7.74.0
121.44.80.68,2026-01-31 11:51:33+00:00,404,/login,curl/7.74.0
121.44.80.68,2026-01-31 11:51:33+00:00,404,/login,curl/7.74.0
121.44.80.68,2026-01-31 11:51:33+00:00,404,/login,curl/7.74.0
121.44.80.68,2026-01-31 11:51:33+00:00,404,/login,curl/7.74.0
121.44.80.68,2026-01-31 11:51:34+00:00,404,/login,curl/7.74.0
121.44.80.68,2026-01-31 11:51:34+00:00,404,/login,curl/7.74.0
121.44.80.68,2026-01-31 11:51:34+00:00,404,/login,curl/7.74.0
121.44.80.68,2026-01-31 11:51:34+00:00,404,/login,curl/7.74.0
121.44.80.68,2026-01-31 11:51:34+00:00,404,/login,curl/7.74.0
121.44.80.68,2026-01-31 11:51:34+00:00,404,/login,curl/7.74.0
237.113.212.63,2026-01-31 11:51:34+00:00,404,/index.php?page=../../../../etc/passwd,curl/7.74.0
172.27.0.2,2026-01-31 11:51:34+00:00,200,/,Mozilla/5.0 (compatible; Nmap Scripting Engine; https://nmap.org/book/nse.html)
107.57.8.186,2026-01-31 11:51:34+00:00,404,/index.php?id=1%27%20OR%20%271%27=%271,curl/7.74.0
1.2.3.4,2026-01-31 11:51:34+00:00,404,/login,curl/7.74.0
147.45.206.179,2026-01-31 11:52:24+00:00,404,/index.php?page=../../../../etc/passwd,curl/7.74.0
245.73.89.170,2026-01-31 11:52:24+00:00,404,/login,curl/7.74.0
245.73.89.170,2026-01-31 11:52:24+00:00,404,/login,curl/7.74.0
245.73.89.170,2026-01-31 11:52:24+00:00,404,/login,curl/7.74.0
245.73.89.170,2026-01-31 11:52:24+00:00,404,/login,curl/7.74.0
245.73.89.170,2026-01-31 11:52:24+00:00,404,/login,curl/7.74.0
245.73.89.170,2026-01-31 11:52:24+00:00,404,/login,curl/7.74.0
245.73.89.170,2026-01-31 11:52:24+00:00,404,/login,curl/7.74.0
245.73.89.170,2026-01-31 11:52:24+00:00,404,/login,curl/7.74.0
245.73.89.170,2026-01-31 11:52:24+00:00,404,/login,curl/7.74.0
245.73.89.170,2026-01-31 11:52:24+00:00,404,/login,curl/7.74.0
245.73.89.170,2026-01-31 11:52:24+00:00,404,/login,curl/7.74.0
245.73.89.170,2026-01-31 11:52:24+00:00,404,/login,curl/7.74.0
245.73.89.170,2026-01-31 11:52:24+00:00,404,/login,curl/7.74.0
245.73.89.170,2026-01-31 11:52:24+00:00,404,/login,curl/7.74.0
245.73.89.170,2026-01-31 11:52:24+00:00,404,/login,curl/7.74.0
245.73.89.170,2026-01-31 11:52:24+00:00,404,/login,curl/7.74.0
245.73.89.170,2026-01-31 11:52:24+00:00,404,/login,curl/7.74.0
245.73.89.170,2026-01-31 11:52:24+00:00,404,/login,curl/7.74.0
245.73.89.170,2026-01-31 11:52:24+00:00,404,/login,curl/7.74.0
245.73.89.170,2026-01-31 11:52:24+00:00,404,/login,curl/7.74.0
